customer_state,main_category,orders
AC,auto,4
AC,baby,3
AC,bed_bath_table,3
AC,books_general_interest,2
AC,christmas_supplies,1
AC,computers,1
AC,computers_accessories,7
AC,consoles_games,1
AC,cool_stuff,1
AC,electronics,4
AC,fashion_bags_accessories,1
AC,fashion_shoes,2
AC,furniture_decor,6
AC,furniture_living_room,1
AC,garden_tools,2
AC,health_beauty,6
AC,housewares,3
AC,luggage_accessories,2
AC,market_place,1
AC,musical_instruments,1
AC,perfumery,3
AC,small_appliances,1
AC,sports_leisure,9
AC,stationery,2
AC,telephony,5
AC,toys,3
AC,watches_gifts,4
AL,agro_industry_and_commerce,1
AL,air_conditioning,1
AL,audio,5
AL,auto,21
AL,baby,7
AL,bed_bath_table,19
AL,books_general_interest,1
AL,computers,2
AL,computers_accessories,34
AL,consoles_games,7
AL,construction_tools_construction,2
AL,cool_stuff,16
AL,drinks,1
AL,dvds_blu_ray,1
AL,electronics,13
AL,fashion_bags_accessories,4
AL,fashion_shoes,3
AL,fixed_telephony,4
AL,food,1
AL,food_drink,1
AL,furniture_decor,25
AL,furniture_living_room,3
AL,garden_tools,13
AL,health_beauty,63
AL,home_appliances,3
AL,home_appliances_2,2
AL,home_confort,1
AL,home_construction,3
AL,housewares,9
AL,industry_commerce_and_business,1
AL,kitchen_dining_laundry_garden_furniture,1
AL,luggage_accessories,5
AL,market_place,2
AL,musical_instruments,1
AL,office_furniture,3
AL,perfumery,12
AL,pet_shop,3
AL,sports_leisure,32
AL,stationery,8
AL,telephony,26
AL,toys,12
AL,watches_gifts,35
AM,air_conditioning,1
AM,art,1
AM,audio,1
AM,auto,4
AM,baby,5
AM,bed_bath_table,7
AM,books_general_interest,1
AM,computers,1
AM,computers_accessories,11
AM,consoles_games,2
AM,cool_stuff,4
AM,costruction_tools_garden,2
AM,drinks,1
AM,electronics,4
AM,fashion_bags_accessories,1
AM,fixed_telephony,1
AM,food,1
AM,furniture_decor,4
AM,garden_tools,5
AM,health_beauty,15
AM,home_appliances,2
AM,home_appliances_2,1
AM,home_construction,4
AM,housewares,4
AM,luggage_accessories,2
AM,market_place,1
AM,music,1
AM,musical_instruments,1
AM,office_furniture,2
AM,perfumery,2
AM,pet_shop,4
AM,sports_leisure,12
AM,stationery,6
AM,tablets_printing_image,1
AM,telephony,14
AM,toys,6
AM,watches_gifts,11
AP,agro_industry_and_commerce,1
AP,art,2
AP,auto,3
AP,bed_bath_table,3
AP,computers,1
AP,computers_accessories,7
AP,consoles_games,1
AP,cool_stuff,2
AP,electronics,3
AP,fixed_telephony,2
AP,furniture_decor,2
AP,garden_tools,2
AP,health_beauty,10
AP,housewares,4
AP,musical_instruments,2
AP,pet_shop,1
AP,sports_leisure,6
AP,stationery,2
AP,telephony,4
AP,toys,3
AP,watches_gifts,7
BA,agro_industry_and_commerce,3
BA,air_conditioning,6
BA,art,10
BA,audio,14
BA,auto,148
BA,baby,95
BA,bed_bath_table,222
BA,books_general_interest,15
BA,books_imported,1
BA,books_technical,10
BA,christmas_supplies,8
BA,cine_photo,3
BA,computers,19
BA,computers_accessories,222
BA,consoles_games,33
BA,construction_tools_construction,25
BA,construction_tools_lights,6
BA,construction_tools_safety,7
BA,cool_stuff,138
BA,costruction_tools_garden,7
BA,costruction_tools_tools,4
BA,diapers_and_hygiene,1
BA,drinks,6
BA,electronics,98
BA,fashio_female_clothing,1
BA,fashion_bags_accessories,70
BA,fashion_childrens_clothes,1
BA,fashion_male_clothing,7
BA,fashion_shoes,7
BA,fashion_sport,1
BA,fashion_underwear_beach,6
BA,fixed_telephony,8
BA,food,15
BA,food_drink,6
BA,furniture_bedroom,4
BA,furniture_decor,201
BA,furniture_living_room,17
BA,garden_tools,143
BA,health_beauty,329
BA,home_appliances,38
BA,home_appliances_2,6
BA,home_comfort_2,1
BA,home_confort,8
BA,home_construction,10
BA,housewares,139
BA,industry_commerce_and_business,4
BA,kitchen_dining_laundry_garden_furniture,3
BA,luggage_accessories,32
BA,market_place,4
BA,musical_instruments,33
BA,office_furniture,61
BA,perfumery,80
BA,pet_shop,53
BA,portateis_cozinha_e_preparadores_de_alimentos,1
BA,signaling_and_security,6
BA,small_appliances,18
BA,small_appliances_home_oven_and_coffee,3
BA,sports_leisure,255
BA,stationery,75
BA,tablets_printing_image,5
BA,telephony,226
BA,toys,116
BA,watches_gifts,221
CE,agro_industry_and_commerce,2
CE,air_conditioning,2
CE,audio,5
CE,auto,54
CE,baby,30
CE,bed_bath_table,68
CE,books_general_interest,7
CE,books_technical,4
CE,christmas_supplies,2
CE,computers,6
CE,computers_accessories,85
CE,consoles_games,16
CE,construction_tools_construction,9
CE,construction_tools_lights,1
CE,construction_tools_safety,4
CE,cool_stuff,47
CE,costruction_tools_garden,6
CE,costruction_tools_tools,1
CE,diapers_and_hygiene,1
CE,drinks,2
CE,electronics,41
CE,fashion_bags_accessories,28
CE,fashion_male_clothing,1
CE,fashion_shoes,2
CE,fixed_telephony,3
CE,food,5
CE,food_drink,3
CE,furniture_decor,68
CE,furniture_living_room,2
CE,garden_tools,46
CE,health_beauty,156
CE,home_appliances,7
CE,home_appliances_2,3
CE,home_confort,3
CE,home_construction,7
CE,housewares,47
CE,industry_commerce_and_business,2
CE,kitchen_dining_laundry_garden_furniture,1
CE,luggage_accessories,21
CE,market_place,4
CE,music,1
CE,musical_instruments,7
CE,office_furniture,22
CE,perfumery,54
CE,pet_shop,13
CE,small_appliances,8
CE,sports_leisure,89
CE,stationery,29
CE,tablets_printing_image,1
CE,telephony,95
CE,toys,62
CE,watches_gifts,129
DF,air_conditioning,3
DF,art,5
DF,arts_and_craftmanship,1
DF,audio,16
DF,auto,104
DF,baby,66
DF,bed_bath_table,173
DF,books_general_interest,17
DF,books_technical,4
DF,christmas_supplies,5
DF,cine_photo,1
DF,computers,6
DF,computers_accessories,135
DF,consoles_games,28
DF,construction_tools_construction,10
DF,construction_tools_lights,4
DF,construction_tools_safety,3
DF,cool_stuff,78
DF,costruction_tools_garden,5
DF,drinks,5
DF,dvds_blu_ray,3
DF,electronics,50
DF,fashio_female_clothing,1
DF,fashion_bags_accessories,41
DF,fashion_shoes,7
DF,fashion_sport,1
DF,fashion_underwear_beach,2
DF,fixed_telephony,3
DF,food,7
DF,food_drink,4
DF,furniture_bedroom,1
DF,furniture_decor,108
DF,furniture_living_room,7
DF,furniture_mattress_and_upholstery,1
DF,garden_tools,45
DF,health_beauty,223
DF,home_appliances,15
DF,home_appliances_2,5
DF,home_confort,3
DF,home_construction,7
DF,housewares,123
DF,industry_commerce_and_business,5
DF,kitchen_dining_laundry_garden_furniture,5
DF,luggage_accessories,23
DF,market_place,4
DF,music,1
DF,musical_instruments,10
DF,office_furniture,19
DF,party_supplies,1
DF,perfumery,82
DF,pet_shop,35
DF,security_and_services,1
DF,signaling_and_security,4
DF,small_appliances,23
DF,small_appliances_home_oven_and_coffee,1
DF,sports_leisure,194
DF,stationery,45
DF,telephony,84
DF,toys,89
DF,watches_gifts,142
ES,agro_industry_and_commerce,2
ES,air_conditioning,6
ES,art,1
ES,audio,13
ES,auto,82
ES,baby,62
ES,bed_bath_table,197
ES,books_general_interest,8
ES,books_technical,14
ES,christmas_supplies,2
ES,cine_photo,1
ES,computers,3
ES,computers_accessories,139
ES,consoles_games,22
ES,construction_tools_construction,10
ES,construction_tools_lights,5
ES,cool_stuff,63
ES,costruction_tools_garden,3
ES,costruction_tools_tools,4
ES,drinks,5
ES,electronics,73
ES,fashio_female_clothing,1
ES,fashion_bags_accessories,45
ES,fashion_male_clothing,3
ES,fashion_shoes,5
ES,fashion_underwear_beach,1
ES,fixed_telephony,6
ES,flowers,2
ES,food,14
ES,food_drink,6
ES,furniture_bedroom,1
ES,furniture_decor,110
ES,furniture_living_room,11
ES,garden_tools,85
ES,health_beauty,152
ES,home_appliances,15
ES,home_appliances_2,3
ES,home_comfort_2,1
ES,home_confort,10
ES,home_construction,14
ES,housewares,102
ES,industry_commerce_and_business,2
ES,kitchen_dining_laundry_garden_furniture,1
ES,luggage_accessories,15
ES,market_place,7
ES,musical_instruments,19
ES,office_furniture,24
ES,party_supplies,2
ES,perfumery,60
ES,pet_shop,20
ES,signaling_and_security,4
ES,small_appliances,3
ES,sports_leisure,156
ES,stationery,47
ES,tablets_printing_image,4
ES,telephony,104
ES,toys,93
ES,watches_gifts,145
GO,agro_industry_and_commerce,6
GO,air_conditioning,6
GO,art,4
GO,audio,7
GO,auto,75
GO,baby,54
GO,bed_bath_table,192
GO,books_general_interest,13
GO,books_technical,2
GO,christmas_supplies,3
GO,cine_photo,1
GO,computers,2
GO,computers_accessories,111
GO,consoles_games,21
GO,construction_tools_construction,8
GO,construction_tools_lights,5
GO,construction_tools_safety,6
GO,cool_stuff,83
GO,costruction_tools_garden,4
GO,costruction_tools_tools,5
GO,drinks,4
GO,dvds_blu_ray,1
GO,electronics,32
GO,fashio_female_clothing,2
GO,fashion_bags_accessories,45
GO,fashion_male_clothing,3
GO,fashion_shoes,6
GO,fashion_underwear_beach,5
GO,fixed_telephony,5
GO,flowers,1
GO,food,6
GO,furniture_bedroom,1
GO,furniture_decor,104
GO,furniture_living_room,10
GO,furniture_mattress_and_upholstery,1
GO,garden_tools,75
GO,health_beauty,207
GO,home_appliances,14
GO,home_appliances_2,3
GO,home_comfort_2,4
GO,home_confort,6
GO,home_construction,11
GO,housewares,97
GO,industry_commerce_and_business,6
GO,kitchen_dining_laundry_garden_furniture,2
GO,luggage_accessories,12
GO,market_place,7
GO,music,1
GO,musical_instruments,9
GO,office_furniture,21
GO,party_supplies,1
GO,perfumery,85
GO,pet_shop,25
GO,portateis_cozinha_e_preparadores_de_alimentos,1
GO,signaling_and_security,4
GO,small_appliances,10
GO,sports_leisure,151
GO,stationery,43
GO,tablets_printing_image,1
GO,telephony,114
GO,toys,74
GO,watches_gifts,142
MA,agro_industry_and_commerce,1
MA,air_conditioning,1
MA,audio,3
MA,auto,38
MA,baby,27
MA,bed_bath_table,32
MA,books_general_interest,3
MA,books_imported,1
MA,books_technical,3
MA,cds_dvds_musicals,1
MA,christmas_supplies,1
MA,cine_photo,1
MA,computers,5
MA,computers_accessories,65
MA,consoles_games,6
MA,construction_tools_construction,1
MA,construction_tools_lights,1
MA,cool_stuff,35
MA,electronics,13
MA,fashion_bags_accessories,22
MA,fashion_male_clothing,1
MA,fashion_shoes,1
MA,fashion_sport,1
MA,fixed_telephony,1
MA,food_drink,2
MA,furniture_decor,40
MA,furniture_living_room,2
MA,garden_tools,19
MA,health_beauty,83
MA,home_appliances,3
MA,home_confort,2
MA,home_construction,3
MA,housewares,22
MA,industry_commerce_and_business,1
MA,luggage_accessories,8
MA,market_place,4
MA,musical_instruments,9
MA,office_furniture,14
MA,perfumery,30
MA,pet_shop,9
MA,small_appliances,2
MA,sports_leisure,57
MA,stationery,16
MA,tablets_printing_image,1
MA,telephony,60
MA,toys,21
MA,watches_gifts,58
MG,agro_industry_and_commerce,14
MG,air_conditioning,18
MG,art,18
MG,arts_and_craftmanship,6
MG,audio,33
MG,auto,471
MG,baby,342
MG,bed_bath_table,1122
MG,books_general_interest,50
MG,books_imported,6
MG,books_technical,28
MG,christmas_supplies,18
MG,cine_photo,6
MG,computers,18
MG,computers_accessories,875
MG,consoles_games,121
MG,construction_tools_construction,99
MG,construction_tools_lights,35
MG,construction_tools_safety,23
MG,cool_stuff,425
MG,costruction_tools_garden,21
MG,costruction_tools_tools,17
MG,diapers_and_hygiene,1
MG,drinks,18
MG,dvds_blu_ray,4
MG,electronics,259
MG,fashio_female_clothing,7
MG,fashion_bags_accessories,247
MG,fashion_male_clothing,14
MG,fashion_shoes,41
MG,fashion_sport,2
MG,fashion_underwear_beach,13
MG,fixed_telephony,17
MG,flowers,4
MG,food,35
MG,food_drink,20
MG,furniture_bedroom,7
MG,furniture_decor,714
MG,furniture_living_room,42
MG,furniture_mattress_and_upholstery,3
MG,garden_tools,484
MG,health_beauty,1007
MG,home_appliances,85
MG,home_appliances_2,20
MG,home_comfort_2,2
MG,home_confort,49
MG,home_construction,55
MG,housewares,694
MG,industry_commerce_and_business,14
MG,kitchen_dining_laundry_garden_furniture,25
MG,la_cuisine,2
MG,luggage_accessories,172
MG,market_place,31
MG,music,6
MG,musical_instruments,69
MG,office_furniture,133
MG,party_supplies,4
MG,pc_gamer,1
MG,perfumery,377
MG,pet_shop,222
MG,portateis_cozinha_e_preparadores_de_alimentos,2
MG,signaling_and_security,10
MG,small_appliances,61
MG,small_appliances_home_oven_and_coffee,10
MG,sports_leisure,860
MG,stationery,241
MG,tablets_printing_image,8
MG,telephony,459
MG,toys,454
MG,watches_gifts,607
MS,agro_industry_and_commerce,3
MS,art,1
MS,audio,1
MS,auto,24
MS,baby,28
MS,bed_bath_table,57
MS,books_general_interest,2
MS,books_technical,4
MS,christmas_supplies,1
MS,computers,1
MS,computers_accessories,55
MS,consoles_games,6
MS,construction_tools_construction,8
MS,construction_tools_lights,5
MS,construction_tools_safety,2
MS,cool_stuff,25
MS,costruction_tools_garden,2
MS,costruction_tools_tools,1
MS,drinks,4
MS,dvds_blu_ray,3
MS,electronics,20
MS,fashion_bags_accessories,14
MS,fashion_shoes,4
MS,fashion_underwear_beach,3
MS,fixed_telephony,1
MS,flowers,1
MS,food,4
MS,food_drink,1
MS,furniture_bedroom,1
MS,furniture_decor,45
MS,furniture_living_room,3
MS,garden_tools,20
MS,health_beauty,58
MS,home_appliances,6
MS,home_appliances_2,3
MS,home_confort,1
MS,home_construction,7
MS,housewares,34
MS,industry_commerce_and_business,1
MS,luggage_accessories,9
MS,market_place,1
MS,musical_instruments,7
MS,office_furniture,4
MS,perfumery,21
MS,pet_shop,22
MS,signaling_and_security,1
MS,small_appliances,5
MS,small_appliances_home_oven_and_coffee,1
MS,sports_leisure,60
MS,stationery,19
MS,tablets_printing_image,1
MS,telephony,26
MS,toys,34
MS,watches_gifts,29
MT,agro_industry_and_commerce,2
MT,air_conditioning,3
MT,art,1
MT,audio,4
MT,auto,51
MT,baby,34
MT,bed_bath_table,56
MT,books_general_interest,2
MT,books_technical,5
MT,christmas_supplies,1
MT,cine_photo,1
MT,computers,2
MT,computers_accessories,45
MT,consoles_games,9
MT,construction_tools_construction,7
MT,construction_tools_lights,3
MT,construction_tools_safety,4
MT,cool_stuff,44
MT,costruction_tools_tools,1
MT,drinks,1
MT,electronics,20
MT,fashio_female_clothing,1
MT,fashion_bags_accessories,13
MT,fashion_male_clothing,1
MT,fashion_shoes,3
MT,fashion_underwear_beach,1
MT,food,6
MT,furniture_bedroom,1
MT,furniture_decor,52
MT,furniture_living_room,3
MT,garden_tools,37
MT,health_beauty,84
MT,home_appliances,8
MT,home_appliances_2,3
MT,home_confort,3
MT,home_construction,6
MT,housewares,40
MT,industry_commerce_and_business,3
MT,kitchen_dining_laundry_garden_furniture,2
MT,luggage_accessories,8
MT,market_place,5
MT,musical_instruments,5
MT,office_furniture,14
MT,perfumery,22
MT,pet_shop,14
MT,signaling_and_security,1
MT,small_appliances,7
MT,small_appliances_home_oven_and_coffee,1
MT,sports_leisure,70
MT,stationery,24
MT,tablets_printing_image,2
MT,telephony,60
MT,toys,37
MT,watches_gifts,58
PA,agro_industry_and_commerce,2
PA,art,2
PA,audio,1
PA,auto,45
PA,baby,42
PA,bed_bath_table,34
PA,books_general_interest,3
PA,books_imported,1
PA,books_technical,2
PA,christmas_supplies,1
PA,cine_photo,2
PA,computers,4
PA,computers_accessories,84
PA,consoles_games,14
PA,construction_tools_construction,2
PA,construction_tools_lights,1
PA,cool_stuff,46
PA,costruction_tools_garden,1
PA,costruction_tools_tools,1
PA,drinks,1
PA,electronics,27
PA,fashion_bags_accessories,29
PA,fashion_male_clothing,2
PA,fashion_shoes,4
PA,fashion_sport,1
PA,fashion_underwear_beach,3
PA,fixed_telephony,1
PA,food_drink,1
PA,furniture_decor,54
PA,furniture_living_room,1
PA,garden_tools,26
PA,health_beauty,101
PA,home_appliances,10
PA,home_construction,1
PA,housewares,30
PA,kitchen_dining_laundry_garden_furniture,1
PA,luggage_accessories,7
PA,market_place,5
PA,musical_instruments,9
PA,office_furniture,21
PA,perfumery,33
PA,pet_shop,11
PA,portateis_cozinha_e_preparadores_de_alimentos,1
PA,signaling_and_security,1
PA,small_appliances,8
PA,sports_leisure,76
PA,stationery,22
PA,tablets_printing_image,4
PA,telephony,70
PA,toys,29
PA,watches_gifts,74
PB,agro_industry_and_commerce,2
PB,air_conditioning,1
PB,art,1
PB,audio,1
PB,auto,22
PB,baby,13
PB,bed_bath_table,29
PB,books_general_interest,3
PB,computers,4
PB,computers_accessories,41
PB,consoles_games,7
PB,construction_tools_construction,1
PB,construction_tools_safety,3
PB,cool_stuff,22
PB,costruction_tools_garden,1
PB,costruction_tools_tools,1
PB,diapers_and_hygiene,1
PB,electronics,13
PB,fashio_female_clothing,1
PB,fashion_bags_accessories,12
PB,fashion_shoes,1
PB,fixed_telephony,4
PB,food,3
PB,furniture_decor,31
PB,furniture_living_room,3
PB,garden_tools,14
PB,health_beauty,77
PB,home_appliances,2
PB,home_confort,1
PB,home_construction,5
PB,housewares,18
PB,industry_commerce_and_business,3
PB,kitchen_dining_laundry_garden_furniture,1
PB,luggage_accessories,7
PB,market_place,2
PB,musical_instruments,4
PB,office_furniture,7
PB,perfumery,17
PB,pet_shop,8
PB,signaling_and_security,1
PB,small_appliances,4
PB,sports_leisure,32
PB,stationery,16
PB,telephony,25
PB,toys,15
PB,watches_gifts,43
PE,agro_industry_and_commerce,5
PE,air_conditioning,2
PE,art,1
PE,audio,4
PE,auto,82
PE,baby,41
PE,bed_bath_table,82
PE,books_general_interest,8
PE,books_technical,4
PE,christmas_supplies,4
PE,cine_photo,1
PE,computers,9
PE,computers_accessories,100
PE,consoles_games,20
PE,construction_tools_construction,9
PE,construction_tools_lights,3
PE,construction_tools_safety,4
PE,cool_stuff,73
PE,costruction_tools_garden,6
PE,costruction_tools_tools,1
PE,dvds_blu_ray,2
PE,electronics,37
PE,fashion_bags_accessories,34
PE,fashion_shoes,11
PE,fashion_underwear_beach,2
PE,fixed_telephony,3
PE,flowers,1
PE,food,8
PE,food_drink,5
PE,furniture_bedroom,1
PE,furniture_decor,72
PE,furniture_living_room,4
PE,garden_tools,57
PE,health_beauty,225
PE,home_appliances,5
PE,home_appliances_2,2
PE,home_confort,5
PE,home_construction,5
PE,housewares,55
PE,industry_commerce_and_business,4
PE,kitchen_dining_laundry_garden_furniture,4
PE,luggage_accessories,13
PE,market_place,3
PE,musical_instruments,11
PE,office_furniture,19
PE,pc_gamer,1
PE,perfumery,47
PE,pet_shop,22
PE,signaling_and_security,1
PE,small_appliances,2
PE,small_appliances_home_oven_and_coffee,1
PE,sports_leisure,135
PE,stationery,47
PE,tablets_printing_image,2
PE,telephony,122
PE,toys,57
PE,watches_gifts,147
PI,agro_industry_and_commerce,3
PI,air_conditioning,3
PI,art,1
PI,audio,4
PI,auto,28
PI,baby,11
PI,bed_bath_table,24
PI,books_general_interest,1
PI,books_technical,2
PI,computers,3
PI,computers_accessories,36
PI,consoles_games,7
PI,construction_tools_construction,1
PI,construction_tools_lights,1
PI,cool_stuff,20
PI,costruction_tools_garden,4
PI,drinks,1
PI,dvds_blu_ray,1
PI,electronics,22
PI,fashion_bags_accessories,5
PI,fashion_shoes,1
PI,fashion_underwear_beach,1
PI,fixed_telephony,2
PI,food,1
PI,food_drink,1
PI,furniture_decor,15
PI,furniture_living_room,2
PI,garden_tools,17
PI,health_beauty,51
PI,home_appliances,4
PI,home_appliances_2,1
PI,home_confort,3
PI,home_construction,3
PI,housewares,14
PI,industry_commerce_and_business,3
PI,luggage_accessories,5
PI,market_place,3
PI,musical_instruments,5
PI,office_furniture,9
PI,party_supplies,1
PI,perfumery,16
PI,pet_shop,7
PI,sports_leisure,31
PI,stationery,10
PI,tablets_printing_image,3
PI,telephony,35
PI,toys,27
PI,watches_gifts,37
PR,agro_industry_and_commerce,12
PR,air_conditioning,10
PR,art,9
PR,audio,17
PR,auto,209
PR,baby,151
PR,bed_bath_table,399
PR,books_general_interest,34
PR,books_imported,2
PR,books_technical,15
PR,christmas_supplies,6
PR,cine_photo,2
PR,computers,4
PR,computers_accessories,338
PR,consoles_games,41
PR,construction_tools_construction,46
PR,construction_tools_lights,13
PR,construction_tools_safety,13
PR,cool_stuff,200
PR,costruction_tools_garden,5
PR,costruction_tools_tools,7
PR,diapers_and_hygiene,2
PR,drinks,10
PR,dvds_blu_ray,3
PR,electronics,167
PR,fashio_female_clothing,2
PR,fashion_bags_accessories,105
PR,fashion_male_clothing,10
PR,fashion_shoes,16
PR,fashion_sport,1
PR,fashion_underwear_beach,6
PR,fixed_telephony,6
PR,food,26
PR,food_drink,13
PR,furniture_bedroom,8
PR,furniture_decor,388
PR,furniture_living_room,14
PR,garden_tools,172
PR,health_beauty,381
PR,home_appliances,42
PR,home_appliances_2,14
PR,home_comfort_2,1
PR,home_confort,11
PR,home_construction,20
PR,housewares,279
PR,industry_commerce_and_business,9
PR,kitchen_dining_laundry_garden_furniture,12
PR,luggage_accessories,49
PR,market_place,13
PR,music,7
PR,musical_instruments,34
PR,office_furniture,55
PR,party_supplies,2
PR,perfumery,136
PR,pet_shop,82
PR,signaling_and_security,3
PR,small_appliances,39
PR,small_appliances_home_oven_and_coffee,8
PR,sports_leisure,427
PR,stationery,120
PR,tablets_printing_image,3
PR,telephony,226
PR,toys,200
PR,watches_gifts,273
RJ,agro_industry_and_commerce,25
RJ,air_conditioning,60
RJ,art,32
RJ,audio,54
RJ,auto,412
RJ,baby,343
RJ,bed_bath_table,1389
RJ,books_general_interest,55
RJ,books_imported,5
RJ,books_technical,29
RJ,cds_dvds_musicals,2
RJ,christmas_supplies,12
RJ,cine_photo,5
RJ,computers,22
RJ,computers_accessories,857
RJ,consoles_games,131
RJ,construction_tools_construction,105
RJ,construction_tools_lights,19
RJ,construction_tools_safety,16
RJ,cool_stuff,494
RJ,costruction_tools_garden,29
RJ,costruction_tools_tools,9
RJ,diapers_and_hygiene,2
RJ,drinks,41
RJ,dvds_blu_ray,12
RJ,electronics,398
RJ,fashio_female_clothing,2
RJ,fashion_bags_accessories,185
RJ,fashion_childrens_clothes,1
RJ,fashion_male_clothing,12
RJ,fashion_shoes,22
RJ,fashion_sport,2
RJ,fashion_underwear_beach,14
RJ,fixed_telephony,27
RJ,flowers,6
RJ,food,39
RJ,food_drink,41
RJ,furniture_bedroom,17
RJ,furniture_decor,843
RJ,furniture_living_room,94
RJ,furniture_mattress_and_upholstery,8
RJ,garden_tools,542
RJ,health_beauty,972
RJ,home_appliances,83
RJ,home_appliances_2,45
RJ,home_comfort_2,2
RJ,home_confort,49
RJ,home_construction,51
RJ,housewares,736
RJ,industry_commerce_and_business,22
RJ,kitchen_dining_laundry_garden_furniture,43
RJ,luggage_accessories,117
RJ,market_place,32
RJ,music,8
RJ,musical_instruments,76
RJ,office_furniture,215
RJ,party_supplies,5
RJ,pc_gamer,1
RJ,perfumery,413
RJ,pet_shop,198
RJ,portateis_cozinha_e_preparadores_de_alimentos,1
RJ,signaling_and_security,17
RJ,small_appliances,84
RJ,small_appliances_home_oven_and_coffee,7
RJ,sports_leisure,910
RJ,stationery,302
RJ,tablets_printing_image,10
RJ,telephony,405
RJ,toys,548
RJ,watches_gifts,806
RN,art,1
RN,audio,1
RN,auto,17
RN,baby,14
RN,bed_bath_table,24
RN,books_general_interest,22
RN,books_technical,1
RN,christmas_supplies,1
RN,computers_accessories,27
RN,consoles_games,6
RN,construction_tools_construction,6
RN,construction_tools_safety,1
RN,cool_stuff,21
RN,costruction_tools_garden,3
RN,dvds_blu_ray,1
RN,electronics,14
RN,fashion_bags_accessories,7
RN,fashion_shoes,2
RN,food,2
RN,food_drink,4
RN,furniture_bedroom,2
RN,furniture_decor,29
RN,furniture_mattress_and_upholstery,1
RN,garden_tools,16
RN,health_beauty,57
RN,home_appliances,2
RN,home_appliances_2,2
RN,home_confort,1
RN,home_construction,1
RN,housewares,21
RN,industry_commerce_and_business,1
RN,kitchen_dining_laundry_garden_furniture,2
RN,luggage_accessories,1
RN,market_place,2
RN,musical_instruments,2
RN,office_furniture,5
RN,perfumery,20
RN,pet_shop,9
RN,signaling_and_security,1
RN,small_appliances,3
RN,sports_leisure,20
RN,stationery,11
RN,telephony,22
RN,toys,23
RN,watches_gifts,47
RO,agro_industry_and_commerce,1
RO,art,2
RO,auto,10
RO,baby,10
RO,bed_bath_table,14
RO,books_general_interest,1
RO,christmas_supplies,2
RO,computers,2
RO,computers_accessories,17
RO,consoles_games,1
RO,construction_tools_construction,4
RO,construction_tools_safety,1
RO,cool_stuff,12
RO,costruction_tools_garden,2
RO,dvds_blu_ray,1
RO,electronics,6
RO,fashion_bags_accessories,7
RO,fashion_shoes,1
RO,food,1
RO,furniture_decor,10
RO,furniture_living_room,1
RO,garden_tools,6
RO,health_beauty,23
RO,home_appliances,2
RO,home_confort,1
RO,housewares,5
RO,industry_commerce_and_business,1
RO,luggage_accessories,6
RO,market_place,1
RO,musical_instruments,1
RO,office_furniture,5
RO,perfumery,6
RO,pet_shop,8
RO,security_and_services,1
RO,small_appliances,1
RO,small_appliances_home_oven_and_coffee,1
RO,sports_leisure,17
RO,stationery,7
RO,telephony,17
RO,toys,13
RO,watches_gifts,14
RR,auto,1
RR,baby,2
RR,bed_bath_table,2
RR,computers_accessories,5
RR,cool_stuff,2
RR,electronics,2
RR,furniture_decor,4
RR,garden_tools,2
RR,health_beauty,6
RR,home_appliances,3
RR,office_furniture,1
RR,perfumery,1
RR,sports_leisure,6
RR,stationery,2
RR,telephony,4
RR,watches_gifts,1
RS,agro_industry_and_commerce,9
RS,air_conditioning,12
RS,art,9
RS,audio,16
RS,auto,176
RS,baby,198
RS,bed_bath_table,539
RS,books_general_interest,28
RS,books_imported,2
RS,books_technical,12
RS,cds_dvds_musicals,3
RS,christmas_supplies,5
RS,cine_photo,9
RS,computers,8
RS,computers_accessories,390
RS,consoles_games,58
RS,construction_tools_construction,35
RS,construction_tools_lights,16
RS,construction_tools_safety,7
RS,cool_stuff,253
RS,costruction_tools_garden,7
RS,costruction_tools_tools,8
RS,drinks,14
RS,dvds_blu_ray,3
RS,electronics,156
RS,fashion_bags_accessories,77
RS,fashion_male_clothing,7
RS,fashion_shoes,10
RS,fashion_sport,2
RS,fashion_underwear_beach,3
RS,fixed_telephony,18
RS,flowers,3
RS,food,11
RS,food_drink,4
RS,furniture_bedroom,2
RS,furniture_decor,435
RS,furniture_living_room,21
RS,garden_tools,224
RS,health_beauty,395
RS,home_appliances,44
RS,home_appliances_2,12
RS,home_comfort_2,1
RS,home_confort,17
RS,home_construction,34
RS,housewares,341
RS,industry_commerce_and_business,19
RS,kitchen_dining_laundry_garden_furniture,12
RS,la_cuisine,3
RS,luggage_accessories,54
RS,market_place,20
RS,music,1
RS,musical_instruments,30
RS,office_furniture,56
RS,party_supplies,3
RS,pc_gamer,1
RS,perfumery,146
RS,pet_shop,84
RS,portateis_cozinha_e_preparadores_de_alimentos,1
RS,signaling_and_security,14
RS,small_appliances,39
RS,small_appliances_home_oven_and_coffee,3
RS,sports_leisure,420
RS,stationery,134
RS,tablets_printing_image,1
RS,telephony,255
RS,toys,200
RS,watches_gifts,223
SC,agro_industry_and_commerce,3
SC,air_conditioning,1
SC,art,6
SC,arts_and_craftmanship,1
SC,audio,10
SC,auto,162
SC,baby,97
SC,bed_bath_table,271
SC,books_general_interest,20
SC,books_imported,1
SC,books_technical,9
SC,christmas_supplies,11
SC,cine_photo,4
SC,computers,5
SC,computers_accessories,266
SC,consoles_games,33
SC,construction_tools_construction,21
SC,construction_tools_lights,10
SC,construction_tools_safety,12
SC,cool_stuff,148
SC,costruction_tools_garden,4
SC,costruction_tools_tools,5
SC,drinks,14
SC,dvds_blu_ray,2
SC,electronics,114
SC,fashio_female_clothing,1
SC,fashion_bags_accessories,75
SC,fashion_childrens_clothes,1
SC,fashion_male_clothing,2
SC,fashion_shoes,5
SC,fashion_sport,3
SC,fashion_underwear_beach,7
SC,fixed_telephony,5
SC,food,14
SC,food_drink,3
SC,furniture_bedroom,3
SC,furniture_decor,273
SC,furniture_living_room,11
SC,furniture_mattress_and_upholstery,2
SC,garden_tools,145
SC,health_beauty,286
SC,home_appliances,24
SC,home_appliances_2,17
SC,home_confort,11
SC,home_construction,20
SC,housewares,221
SC,industry_commerce_and_business,13
SC,kitchen_dining_laundry_garden_furniture,6
SC,la_cuisine,2
SC,luggage_accessories,35
SC,market_place,14
SC,musical_instruments,24
SC,office_furniture,41
SC,party_supplies,2
SC,perfumery,107
SC,pet_shop,79
SC,signaling_and_security,5
SC,small_appliances,26
SC,small_appliances_home_oven_and_coffee,4
SC,sports_leisure,314
SC,stationery,82
SC,telephony,163
SC,toys,115
SC,watches_gifts,163
SE,auto,20
SE,baby,8
SE,bed_bath_table,14
SE,books_general_interest,1
SE,books_imported,1
SE,computers,2
SE,computers_accessories,33
SE,consoles_games,5
SE,construction_tools_construction,1
SE,construction_tools_lights,1
SE,construction_tools_safety,1
SE,cool_stuff,17
SE,electronics,13
SE,fashion_bags_accessories,8
SE,fixed_telephony,1
SE,food,1
SE,food_drink,1
SE,furniture_bedroom,2
SE,furniture_decor,19
SE,furniture_living_room,2
SE,garden_tools,19
SE,health_beauty,40
SE,home_appliances,1
SE,home_appliances_2,1
SE,home_confort,1
SE,home_construction,2
SE,housewares,8
SE,industry_commerce_and_business,3
SE,luggage_accessories,3
SE,market_place,3
SE,musical_instruments,3
SE,office_furniture,3
SE,perfumery,6
SE,pet_shop,3
SE,signaling_and_security,1
SE,small_appliances,3
SE,sports_leisure,31
SE,stationery,3
SE,telephony,27
SE,toys,11
SE,watches_gifts,20
SP,agro_industry_and_commerce,85
SP,air_conditioning,117
SP,art,94
SP,arts_and_craftmanship,15
SP,audio,139
SP,auto,1612
SP,baby,1180
SP,bed_bath_table,4404
SP,books_general_interest,213
SP,books_imported,33
SP,books_technical,110
SP,cds_dvds_musicals,6
SP,christmas_supplies,44
SP,cine_photo,28
SP,computers,49
SP,computers_accessories,2675
SP,consoles_games,461
SP,construction_tools_construction,333
SP,construction_tools_lights,109
SP,construction_tools_safety,56
SP,cool_stuff,1304
SP,costruction_tools_garden,78
SP,costruction_tools_tools,32
SP,diapers_and_hygiene,19
SP,drinks,167
SP,dvds_blu_ray,21
SP,electronics,937
SP,fashio_female_clothing,20
SP,fashion_bags_accessories,778
SP,fashion_childrens_clothes,3
SP,fashion_male_clothing,49
SP,fashion_shoes,83
SP,fashion_sport,11
SP,fashion_underwear_beach,54
SP,fixed_telephony,97
SP,flowers,9
SP,food,245
SP,food_drink,110
SP,furniture_bedroom,42
SP,furniture_decor,2684
SP,furniture_living_room,155
SP,furniture_mattress_and_upholstery,22
SP,garden_tools,1255
SP,health_beauty,3774
SP,home_appliances,345
SP,home_appliances_2,87
SP,home_comfort_2,11
SP,home_confort,164
SP,home_construction,197
SP,housewares,2754
SP,industry_commerce_and_business,114
SP,kitchen_dining_laundry_garden_furniture,121
SP,la_cuisine,4
SP,luggage_accessories,418
SP,market_place,100
SP,music,11
SP,musical_instruments,250
SP,office_furniture,504
SP,party_supplies,17
SP,pc_gamer,3
SP,perfumery,1357
SP,pet_shop,765
SP,portateis_cozinha_e_preparadores_de_alimentos,7
SP,signaling_and_security,65
SP,small_appliances,278
SP,small_appliances_home_oven_and_coffee,34
SP,sports_leisure,3275
SP,stationery,972
SP,tablets_printing_image,29
SP,telephony,1509
SP,toys,1587
SP,watches_gifts,2121
TO,audio,1
TO,auto,16
TO,baby,7
TO,bed_bath_table,9
TO,books_general_interest,1
TO,books_technical,2
TO,computers,1
TO,computers_accessories,19
TO,consoles_games,3
TO,construction_tools_lights,1
TO,cool_stuff,16
TO,electronics,6
TO,fashion_bags_accessories,6
TO,fashion_shoes,1
TO,fixed_telephony,2
TO,furniture_decor,14
TO,furniture_living_room,2
TO,garden_tools,8
TO,health_beauty,29
TO,home_appliances,1
TO,home_appliances_2,3
TO,home_confort,1
TO,home_construction,1
TO,housewares,12
TO,industry_commerce_and_business,1
TO,kitchen_dining_laundry_garden_furniture,1
TO,luggage_accessories,2
TO,market_place,1
TO,musical_instruments,1
TO,office_furniture,5
TO,perfumery,12
TO,pet_shop,4
TO,small_appliances_home_oven_and_coffee,1
TO,sports_leisure,23
TO,stationery,3
TO,telephony,20
TO,toys,12
TO,watches_gifts,27
